dim,basis_size,P,ind,R,E,ids_a1,ids_a3,ids_abc,ids_ac2,ids_a2c,I,J,II,JJ,reorder,mon,p_inverter,T,Tid
"[array([[40]], dtype=uint8)]","[array([[120]], dtype=uint8)]","[array([[257, 258, 259, 260, 261, 262, 263, 264, 265, 266, 267, 268, 269,
        270, 271, 272, 273, 274, 275, 276, 277, 278, 279, 280, 281, 282,
        283, 284, 285, 286, 287, 288, 289, 290, 291, 292, 293, 294, 295,
        296, 297, 298, 299, 300, 301, 302, 303, 304, 305, 306, 307, 308,
        309, 310, 311, 312, 313, 314, 315, 316, 317, 318, 319, 320, 321,
        322, 323, 324, 325, 326, 327, 328, 329, 330, 331, 332, 333, 334,
        335, 336, 337, 338, 339, 340, 341, 342, 343, 344, 345, 346, 347,
        348, 349, 350, 351, 352, 353, 354, 355, 356, 357, 358, 359, 360,
        361, 362, 363, 364, 365, 366, 367, 368, 369, 370, 371, 372, 373,
        374, 375, 376]], dtype=uint16)]","[array([[ 94,  95,  96,  97,  98,  99, 100, 101, 102, 103, 104, 105, 107,
        109, 110, 112, 113, 114, 116, 117, 118, 119, 121, 122, 123, 124,
        125, 127, 128, 129, 130, 131, 132, 134, 135, 136, 137, 138, 139,
        140, 187, 190, 192, 193, 196, 198, 199, 201, 202, 203, 206, 208,
        209, 211, 212, 213, 215, 216, 217, 218, 221, 223, 224, 226, 227,
        228, 230, 231, 232, 233, 235, 236, 237, 238, 239, 242, 244, 245,
        247, 248, 249, 251, 252, 253, 254, 256, 257, 258, 259, 260, 262,
        263, 264, 265, 266, 267, 299, 302, 304, 305, 308, 310, 311, 313,
        314, 315, 318, 320, 321, 323, 324, 325, 327, 328, 329, 330, 355,
        358, 360, 361]], dtype=uint16)]","[array([[ 94,  95,  96,  97,  98,  99, 100, 101, 102, 103, 104, 105, 107,
        109, 110, 112, 113, 114, 116, 117, 118, 119, 121, 122, 123, 124,
        125, 127, 128, 129, 130, 131, 132, 134, 135, 136, 137, 138, 139,
        140, 187, 190, 192, 193, 196, 198, 199, 201, 202, 203, 206, 208,
        209, 211, 212, 213, 215, 216, 217, 218, 221, 223, 224, 226, 227,
        228, 230, 231, 232, 233, 235, 236, 237, 238, 239, 242, 244, 245,
        247, 248, 249, 251, 252, 253, 254, 256]], dtype=uint16)]","[array([[  1,   2,   3,   4,   5,   6,   7,   8,   9,  10,  11,  12,  13,
         14,  15,  16,  17,  18,  19,  20,  21,  22,  23,  24,  25,  26,
         27,  28,  29,  30,  31,  32,  33,  34,  35,  36,  37,  38,  39,
         40,  41,  42,  43,  44,  45,  46,  47,  48,  49,  50,  51,  52,
         53,  54,  55,  56,  57,  58,  59,  60,  61,  62,  63,  64,  65,
         66,  67,  68,  69,  70,  71,  72,  73,  74,  75,  76,  77,  78,
         79,  80,  81,  82,  83,  84,  85,  86,  87,  88,  89,  90,  91,
         92,  93, 106, 108, 111, 115, 120, 126, 133, 141, 142, 143, 144,
        145, 146, 147, 148, 149, 150, 151, 152, 153, 154, 155, 156, 157,
        158, 159, 160, 161, 162, 163, 164, 165, 166, 167, 168, 169, 170,
        171, 172, 173, 174, 175, 176, 177, 178, 179, 180, 181, 182, 183,
        184, 185, 186, 188, 189, 191, 194, 195, 197, 200, 204, 205, 207,
        210, 214, 219, 220, 222, 225, 229, 234, 240, 241, 243, 246, 250,
        255]], dtype=uint8)]","[array([[373],
       [374],
       [375],
       [376]], dtype=uint16)]","[array([[353],
       [363],
       [369],
       [372]], dtype=uint16)]","[array([[367],
       [361],
       [359],
       [358]], dtype=uint16)]","[array([[357],
       [360],
       [362],
       [354],
       [366],
       [368],
       [355],
       [364],
       [371],
       [356],
       [365],
       [370]], dtype=uint16)]","[array([[354],
       [355],
       [356],
       [357],
       [364],
       [365],
       [360],
       [366],
       [370],
       [362],
       [368],
       [371]], dtype=uint16)]","[array([[array([[  1],
               [  1],
               [  1],
               ...,
               [345],
               [345],
               [345]], dtype=uint16)],
       [array([[  2],
               [  2],
               [  2],
               ...,
               [346],
               [346],
               [346]], dtype=uint16)],
       [array([[  3],
               [  3],
               [  3],
               ...,
               [347],
               [347],
               [347]], dtype=uint16)],
       [array([[  4],
               [  4],
               [  4],
               ...,
               [348],
               [348],
               [348]], dtype=uint16)]], dtype=object)]","[array([[array([[353],
               [354],
               [355],
               ...,
               [283],
               [288],
               [289]], dtype=uint16)],
       [array([[353],
               [354],
               [355],
               ...,
               [283],
               [288],
               [289]], dtype=uint16)],
       [array([[353],
               [354],
               [355],
               ...,
               [283],
               [288],
               [289]], dtype=uint16)],
       [array([[353],
               [354],
               [355],
               ...,
               [283],
               [288],
               [289]], dtype=uint16)]], dtype=object)]","[array([[149],
       [150],
       [151],
       ...,
       [  2],
       [  3],
       [  4]], dtype=uint16)]","[array([[  1],
       [  1],
       [  1],
       ...,
       [376],
       [376],
       [376]], dtype=uint16)]","[array([[ 1],
       [ 2],
       [ 3],
       [ 4],
       [ 5],
       [ 6],
       [ 7],
       [ 8],
       [ 9],
       [10],
       [12],
       [13],
       [14],
       [15],
       [16],
       [17],
       [19],
       [20],
       [21],
       [23],
       [11],
       [18],
       [22],
       [24]], dtype=uint8)]","[array([[8, 7, 7, ..., 0, 0, 0],
       [0, 2, 1, ..., 1, 0, 0],
       [1, 0, 1, ..., 0, 1, 0],
       [0, 0, 0, ..., 0, 0, 1]], dtype=uint8)]","[array(['all'], dtype='<U3')]","[array([[ 1],
       [25],
       [49],
       ...,
       [48],
       [72],
       [96]], dtype=uint8)]","[array([[   149],
       [   150],
       [   151],
       ...,
       [130502],
       [130503],
       [130504]])]"
